{
  "workspace_xyxy": [
    -50.281233,
    -50.146579,
    38.118767000000005,
    30.553421000000007
  ],
  "survey_input": {
    "zones_json": "/home/ubuntu/RBCV-Region-Based-Coverage-Navigation-/src/map_tools/maps/rbcv_survey_zones.json",
    "n_raw_observations": 0,
    "n_pose_samples": 0
  },
  "cell_size_m": 9.44317213652277,
  "start_cell_key": [
    8,
    0
  ],
  "random_seed_used": 0,
  "zone_weights": {
    "R0": 0.55,
    "R1": 0.55,
    "R2": 0.55,
    "R3": 0.55,
    "R4": 0.55,
    "R5": 0.55
  },
  "per_zone_class_counts": {},
  "rect_weights": {
    "0,0": 0.12121212121212122,
    "0,1": 0.12121212121212122,
    "0,2": 0.12121212121212122,
    "0,3": 0.12121212121212122,
    "0,4": 0.12121212121212122,
    "0,5": 0.3333333333333333,
    "0,6": 0.3333333333333333,
    "0,7": 0.3333333333333333,
    "0,8": 0.3333333333333333,
    "0,9": 0.3333333333333333,
    "1,0": 0.3333333333333333,
    "1,1": 0.12121212121212122,
    "1,2": 0.12121212121212122,
    "1,3": 0.12121212121212122,
    "1,4": 0.12121212121212122,
    "1,5": 0.3333333333333333,
    "1,6": 0.3333333333333333,
    "1,7": 0.3333333333333333,
    "1,8": 0.3333333333333333,
    "1,9": 0.3333333333333333,
    "2,0": 0.6666666666666666,
    "2,1": 0.3333333333333333,
    "2,2": 0.3333333333333333,
    "2,3": 0.3333333333333333,
    "2,4": 0.3333333333333333,
    "2,5": 0.6666666666666666,
    "2,6": 0.3333333333333333,
    "2,7": 0.3333333333333333,
    "2,8": 0.3333333333333333,
    "2,9": 0.3333333333333333,
    "3,0": 0.6666666666666666,
    "3,1": 0.3333333333333333,
    "3,2": 0.3333333333333333,
    "3,3": 0.3333333333333333,
    "3,4": 0.6666666666666666,
    "3,5": 1.0,
    "3,6": 0.6666666666666666,
    "3,7": 0.6666666666666666,
    "3,8": 0.6666666666666666,
    "3,9": 0.6666666666666666,
    "4,0": 0.3333333333333333,
    "4,1": 0.12121212121212122,
    "4,2": 0.12121212121212122,
    "4,3": 0.12121212121212122,
    "4,4": 0.3333333333333333,
    "4,5": 0.3333333333333333,
    "4,6": 0.3333333333333333,
    "4,7": 0.3333333333333333,
    "4,8": 0.3333333333333333,
    "4,9": 0.3333333333333333,
    "5,0": 0.12121212121212122,
    "5,1": 0.12121212121212122,
    "5,2": 0.12121212121212122,
    "5,3": 0.3333333333333333,
    "5,4": 0.6666666666666666,
    "5,5": 0.6666666666666666,
    "5,6": 0.6666666666666666,
    "5,7": 0.6666666666666666,
    "5,8": 0.6666666666666666,
    "5,9": 0.6666666666666666,
    "6,0": 0.12121212121212122,
    "6,1": 0.12121212121212122,
    "6,2": 0.12121212121212122,
    "6,3": 0.3333333333333333,
    "6,4": 0.3333333333333333,
    "6,5": 0.3333333333333333,
    "6,6": 0.3333333333333333,
    "6,7": 0.3333333333333333,
    "6,8": 0.3333333333333333,
    "6,9": 0.3333333333333333,
    "7,0": 0.12121212121212122,
    "7,1": 0.12121212121212122,
    "7,2": 0.12121212121212122,
    "7,3": 0.6666666666666666,
    "7,4": 0.6666666666666666,
    "7,5": 0.6666666666666666,
    "7,6": 0.6666666666666666,
    "7,7": 0.6666666666666666,
    "7,8": 0.6666666666666666,
    "7,9": 0.6666666666666666,
    "8,0": 0.12121212121212122,
    "8,1": 0.12121212121212122,
    "8,2": 0.12121212121212122,
    "8,3": 0.3333333333333333,
    "8,4": 0.3333333333333333,
    "8,5": 0.3333333333333333,
    "8,6": 0.3333333333333333,
    "8,7": 0.3333333333333333,
    "8,8": 0.3333333333333333,
    "8,9": 0.3333333333333333
  },
  "n_cells": 90,
  "waypoints_xy": [
    {
      "x": -45.861233,
      "y": 26.07008766666668
    },
    {
      "x": -37.021232999999995,
      "y": 26.07008766666668
    },
    {
      "x": -28.181233,
      "y": 26.07008766666668
    },
    {
      "x": -19.341233000000003,
      "y": 26.07008766666668
    },
    {
      "x": -19.341233000000003,
      "y": 17.10342100000001
    },
    {
      "x": -10.501233,
      "y": 17.10342100000001
    },
    {
      "x": -1.6612329999999993,
      "y": 17.10342100000001
    },
    {
      "x": 7.178766999999997,
      "y": 17.10342100000001
    },
    {
      "x": 16.018766999999997,
      "y": 17.10342100000001
    },
    {
      "x": 24.858767,
      "y": 17.10342100000001
    },
    {
      "x": 33.698767000000004,
      "y": 17.10342100000001
    },
    {
      "x": 33.698767000000004,
      "y": 8.136754333333343
    },
    {
      "x": 33.698767000000004,
      "y": -0.8299123333333256
    },
    {
      "x": 24.858767,
      "y": -0.8299123333333256
    },
    {
      "x": 16.018766999999997,
      "y": -0.8299123333333256
    },
    {
      "x": 7.178766999999997,
      "y": -0.8299123333333256
    },
    {
      "x": -1.6612329999999993,
      "y": -0.8299123333333256
    },
    {
      "x": -10.501233,
      "y": -0.8299123333333256
    },
    {
      "x": -10.501233,
      "y": -9.796578999999994
    },
    {
      "x": -10.501233,
      "y": -18.763245666666663
    },
    {
      "x": -1.6612329999999993,
      "y": -18.763245666666663
    },
    {
      "x": 7.178766999999997,
      "y": -18.763245666666663
    },
    {
      "x": 16.018766999999997,
      "y": -18.763245666666663
    },
    {
      "x": 24.858767,
      "y": -18.763245666666663
    },
    {
      "x": 33.698767000000004,
      "y": -18.763245666666663
    },
    {
      "x": 33.698767000000004,
      "y": -27.72991233333333
    },
    {
      "x": 33.698767000000004,
      "y": -36.696579
    },
    {
      "x": 24.858767,
      "y": -36.696579
    },
    {
      "x": 16.018766999999997,
      "y": -36.696579
    },
    {
      "x": 7.178766999999997,
      "y": -36.696579
    },
    {
      "x": 7.178766999999997,
      "y": -27.72991233333333
    },
    {
      "x": -1.6612329999999993,
      "y": -27.72991233333333
    },
    {
      "x": -10.501233,
      "y": -27.72991233333333
    },
    {
      "x": -19.341233000000003,
      "y": -27.72991233333333
    },
    {
      "x": -28.181233,
      "y": -27.72991233333333
    },
    {
      "x": -37.021232999999995,
      "y": -27.72991233333333
    },
    {
      "x": -45.861233,
      "y": -27.72991233333333
    },
    {
      "x": -45.861233,
      "y": -18.763245666666663
    },
    {
      "x": -37.021232999999995,
      "y": -18.763245666666663
    },
    {
      "x": -28.181233,
      "y": -18.763245666666663
    },
    {
      "x": -19.341233000000003,
      "y": -18.763245666666663
    },
    {
      "x": -19.341233000000003,
      "y": -9.796578999999994
    },
    {
      "x": -19.341233000000003,
      "y": -0.8299123333333256
    },
    {
      "x": -19.341233000000003,
      "y": 8.136754333333343
    },
    {
      "x": -10.501233,
      "y": 8.136754333333343
    },
    {
      "x": -1.6612329999999993,
      "y": 8.136754333333343
    },
    {
      "x": 7.178766999999997,
      "y": 8.136754333333343
    },
    {
      "x": 16.018766999999997,
      "y": 8.136754333333343
    },
    {
      "x": 24.858767,
      "y": 8.136754333333343
    },
    {
      "x": -45.861233,
      "y": 26.07008766666668
    }
  ],